year,iso3,betweenness,trade_total_usd,in_deg,out_deg,prune_threshold_usd,edges_after_pruning,nodes_after_pruning,log_btw,log_vol,btw_expected,shadow_resid,shadow_rank
2019,COL,0.011684096646231518,68307523855.85099,45,51,0.001,8111,237,0.011616364669792984,24.94728575641439,0.05539816630366551,-0.043781801633872526,70.0
2019,NLD,0.2011900468806347,223585617039.74902,107,184,0.001,8111,237,0.18331277111255162,26.133060251653745,0.07928748278136638,0.10402528833118524,3.0
2019,PAN,0.00423728813559322,24954754599.485,63,24,0.001,8111,237,0.004228336109521116,23.940330206138405,0.035111442380948044,-0.030883106271426927,60.0
2019,USA,0.3294626758023801,601010463733.8552,115,181,0.001,8111,237,0.2847748574462952,27.12187818187058,0.09920879544968025,0.18556606199661496,1.0
2019,AGO,0.0029390551749008294,64092647753.384,45,28,0.001,8111,237,0.002934744596194004,24.883595494674935,0.054115024504486964,-0.05118027990829296,72.0
2019,ARE,0.07803822574828706,203144495922.958,89,158,0.001,8111,237,0.07514293173593611,26.037183365357965,0.07735589014818695,-0.0022129584122508317,34.0
2019,BEL,0.00423728813559322,50122996148.37799,81,183,0.001,8111,237,0.004228336109521116,24.637745744704276,0.049161989583772825,-0.04493365347425171,71.0
2019,CHN,0.1578434908041832,264323130456.16388,87,174,0.001,8111,237,0.146559215270622,26.3004381706455,0.08265957763939075,0.06389963763123124,7.0
2019,ESP,0.17481067435989903,177506365170.69003,84,148,0.001,8111,237,0.16110700640923734,25.90227230534112,0.0746378918930179,0.08646911451621944,4.0
2019,FRA,0.05012621709340065,88972492144.189,100,184,0.001,8111,237,0.04891036370079855,25.211593081884057,0.06072305849089804,-0.011812694790099491,36.0
2019,GBR,0.09799855751893256,207915004089.24506,101,156,0.001,8111,237,0.09348902935144185,26.060395198952516,0.07782352951890564,0.015665499832536206,24.0
2019,IND,0.20342589253516047,91454170135.21297,85,159,0.001,8111,237,0.18517239972285343,25.239103810920916,0.061277305959647255,0.12389509376320618,2.0
2019,ISR,0.00423728813559322,17125836090.727003,55,30,0.001,8111,237,0.004228336109521116,23.56385404277747,0.027526730238000063,-0.023298394128478946,53.0
2019,ITA,0.03420483231157591,125918804456.55504,82,151,0.001,8111,237,0.03363285348074447,25.5589031271101,0.0677201727142181,-0.03408731923347363,63.0
2019,JPN,0.003119365308330328,36429489926.282,68,130,0.001,8111,237,0.0031145101823543855,24.318644446421757,0.04273318551206984,-0.039618675329715455,68.0
2019,KOR,0.06602957086188244,82240242722.611,65,149,0.001,8111,237,0.06394106537943316,25.132910590054685,0.059137874329733775,0.004803191049699382,29.0
2019,MYS,0.10692390912369275,72923648276.449,63,107,0.001,8111,237,0.10158491525177299,25.012678816737512,0.05671561369334738,0.04486930155842561,8.0
2019,NOR,0.019112874143526866,79197586189.47997,58,72,0.001,8111,237,0.01893251762869471,25.095211657909417,0.058378369276702646,-0.039445851648007936,66.0
2019,PER,0.00290299314821493,12915066318.05,47,56,0.001,8111,237,0.0028987876007566683,23.28166039852168,0.021841489660902325,-0.018942702060145658,47.0
2019,POL,0.0029390551749008294,19338024903.388996,58,144,0.001,8111,237,0.002934744596194004,23.68533919685413,0.02997424222677303,-0.027039497630579026,56.0
2019,PRT,0.007032095203750451,43981428983.62201,53,95,0.001,8111,237,0.007007485327577737,24.50703331323736,0.04652857939033417,-0.03952109406275643,67.0
2019,SGP,0.15714028128380816,105889926574.49399,82,146,0.001,8111,237,0.14595168656957214,25.385665962984945,0.06423003402756183,0.0817216525420103,5.0
2019,SWE,0.012243058059862965,36323869564.492004,61,142,0.001,8111,237,0.012168717976129189,24.315740925904535,0.04267468946512848,-0.030505971488999292,59.0
2019,TGO,0.00420122610890732,5800544044.995001,48,19,0.001,8111,237,0.004192425598510685,22.481217551133362,0.005715293170471258,-0.0015228675719605733,33.0
2019,THA,0.0142445005409304,47746758693.69901,55,101,0.001,8111,237,0.014144000896897534,24.58917702082986,0.048183495257733466,-0.034039494360835934,62.0
2019,ZAF,0.03398846015146051,21381993953.18,70,117,0.001,8111,237,0.03342361562885383,23.785815000784897,0.03199848738307404,0.00142512824577979,30.0
2019,SRB,0.01280201947349441,3417848282.3650002,39,55,0.001,8111,237,0.012720766356709372,21.952277033107844,-0.004941056315642456,0.017661822672351828,20.0
2019,ARG,0.00714028128380815,4569515821.661,43,11,0.001,8111,237,0.00711491017504824,22.242673089338442,0.0009094349194289086,0.0062054752556193315,27.0
2019,AUS,0.02006851785070321,42450878092.407005,63,74,0.001,8111,237,0.019869799403517716,24.471613434846883,0.0458149895063647,-0.025945190102846984,55.0
2019,AUT,0.005192931842769564,17784656454.745003,55,134,0.001,8111,237,0.005179495069631184,23.601601925643255,0.02828722148128815,-0.023107726411656968,52.0
2019,AZE,0.00290299314821493,122808015448.399,40,80,0.001,8111,237,0.0028987876007566683,25.533888122918547,0.06721620559886671,-0.06431741799811004,74.0
2019,BRA,0.04300396682293545,77871342855.019,55,136,0.001,8111,237,0.04210497929322024,25.07832385123083,0.058038137504153375,-0.015933158210933135,41.0
2019,CAN,0.0029390551749008294,351928522344.72107,71,128,0.001,8111,237,0.002934744596194004,26.586693930406888,0.08842665600543714,-0.08549191140924314,75.0
2019,CHE,0.0041831950955643704,22089610592.447994,64,136,0.001,8111,237,0.004174469859407092,23.81837322604053,0.032654424705226615,-0.028479954845819524,57.0
2019,CIV,0.01709340064911648,5859140836.247001,50,53,0.001,8111,237,0.016948952229107483,22.491268814982064,0.0059177918951837105,0.011031160333923772,26.0
2019,CMR,0.00847457627118644,2320620503.709,47,30,0.001,8111,237,0.008438868645864626,21.56510044579016,-0.012741345547973515,0.021180214193838143,19.0
2019,COD,0.0423368193292463,1240358889.044,38,22,0.001,8111,237,0.04146513421765243,20.93866660214215,-0.025361853412944224,0.06682698763059666,6.0
2019,COG,0.045528308690948434,9592516416.244999,37,20,0.001,8111,237,0.04452231622103459,22.984249091550687,0.0158496650224052,0.02867265119862939,13.0
2019,CYP,0.0027767760548142806,11142244476.244001,60,11,0.001,8111,237,0.002772927934118643,23.134009530257643,0.018866827670508568,-0.016093899736389927,42.0
2019,CZE,0.006761630003606202,16505984322.054003,49,107,0.001,8111,237,0.00673887271012345,23.526988838343886,0.026784021958082715,-0.020045149247959266,49.0
2019,DEU,0.08694554633970429,120196971854.70702,104,161,0.001,8111,237,0.08337151152060025,25.512397666181986,0.06678324610758807,0.016588265413012185,22.0
2019,ECU,0.0029390551749008294,39320624183.536995,39,29,0.001,8111,237,0.002934744596194004,24.395015006578955,0.04427179212614307,-0.041337047529949066,69.0
2019,GHA,0.00420122610890732,23128083133.308002,55,27,0.001,8111,237,0.004192425598510685,23.86431343618478,0.03357996343421277,-0.029387537835702082,58.0
2019,GRC,0.030706815723043634,39979802280.972015,68,138,0.001,8111,237,0.03024479575150795,24.411640220583024,0.04460673355088046,-0.01436193779937251,40.0
2019,GTM,0.00423728813559322,2793903898.646,39,23,0.001,8111,237,0.004228336109521116,21.750705701930524,-0.009002031941833855,0.013230368051354972,25.0
2019,HKG,0.0071583122971511,14040593402.687006,57,47,0.001,8111,237,0.007132813194392931,23.3652184998708,0.023524900744054333,-0.016392087549661403,44.0
2019,JAM,0.00421925712225027,1860658263.166,29,34,0.001,8111,237,0.0042103810152115005,21.344196167527343,-0.01719181419600535,0.021402195211216852,18.0
2019,KEN,0.00714028128380815,2651862718.697,54,53,0.001,8111,237,0.00711491017504824,21.698528143110046,-0.010053231997747214,0.017168142172795456,21.0
2019,LBY,0.00421925712225027,30844165874.321,49,27,0.001,8111,237,0.0042103810152115005,24.15221345678235,0.039380168054572395,-0.0351697870393609,64.0
2019,LTU,0.00423728813559322,7671367496.547,46,109,0.001,8111,237,0.004228336109521116,22.760760728160612,0.011347135862312896,-0.00711879975279178,35.0
2019,MEX,0.01429859358095925,127439051821.72299,51,34,0.001,8111,237,0.014197332808059212,25.570904062334737,0.06796195067517169,-0.05376461786711248,73.0
2019,MLI,0.00423728813559322,1752357554.3000002,31,12,0.001,8111,237,0.004228336109521116,21.28422789271363,-0.01839997063839649,0.022628306747917607,16.0
2019,MLT,0.011918499819689867,23168290338.164,62,43,0.001,8111,237,0.011848033847245214,23.86605038497572,0.03361495703505246,-0.02176692318780725,50.0
2019,MOZ,0.0029210241615578794,3854713676.265001,36,24,0.001,8111,237,0.002916766260088526,22.072562568120315,-0.0025177125642469322,0.005434478824335459,28.0
2019,NAM,0.00423728813559322,1782735165.821,26,53,0.001,8111,237,0.004228336109521116,21.301414632445983,-0.018053716383194973,0.02228205249271609,17.0
2019,NGA,0.09619545618463758,54694813436.25298,65,40,0.001,8111,237,0.09184550856074959,24.72503472354705,0.05092056513836801,0.04092494342238158,9.0
2019,NZL,0.01007933645870898,3275016883.553,48,53,0.001,8111,237,0.010028878717420633,21.909588861609038,-0.005801077544707156,0.01582995626212779,23.0
2019,PNG,0.0029210241615578794,1523754672.5610003,21,21,0.001,8111,237,0.002916766260088526,21.14444330589927,-0.02121615385579556,0.024132920115884086,15.0
2019,ROU,0.006996033177064551,13828297699.446999,46,74,0.001,8111,237,0.006971674480468321,23.349982887588553,0.023217955060028106,-0.016246280579559784,43.0
2019,RUS,0.041056617381896865,192379550456.404,70,154,0.001,8111,237,0.040236175648503215,25.982736082925268,0.07625896289379958,-0.03602278724529636,65.0
2019,SEN,0.00286693112152903,4764036920.080997,52,36,0.001,8111,237,0.0028628293123673207,22.284361238426435,0.0017493091037117936,0.001113520208655527,31.0
2019,SVN,0.00421925712225027,10836870348.616001,46,66,0.001,8111,237,0.0042103810152115005,23.106220078137195,0.018306964881156407,-0.014096583865944905,39.0
2019,TTO,0.031121529029931483,4256298383.423,38,57,0.001,8111,237,0.030647072995911812,22.17166569565017,-0.0005211221611005068,0.03116819515701232,12.0
2019,TUR,0.10420122610890732,83387083815.09799,78,172,0.001,8111,237,0.09912220127192471,25.146759264006892,0.059416877931319834,0.03970532334060488,10.0
2019,TZA,0.01002524341868013,1798560677.39,44,15,0.001,8111,237,0.009975324024677882,21.31025255886277,-0.017875662274235038,0.02785098629891292,14.0
2019,UKR,0.00423728813559322,9693507983.006,55,130,0.001,8111,237,0.004228336109521116,22.994722218388528,0.016060662849179785,-0.011832326739658668,37.0
2019,VNM,0.00423728813559322,14559878464.772001,53,37,0.001,8111,237,0.004228336109521116,23.40153553254907,0.024256565230569627,-0.02002822912104851,48.0
2019,DNK,0.0029390551749008294,15115516082.425,56,99,0.001,8111,237,0.002934744596194004,23.438987608387535,0.025011096969988877,-0.022076352373794874,51.0
2019,QAT,0.00421925712225027,18763254664.457,55,36,0.001,8111,237,0.0042103810152115005,23.65516625510681,0.02936636024132061,-0.02515597922610911,54.0
2019,BGR,0.024990984493328525,14443947665.533003,49,90,0.001,8111,237,0.024683816935424988,23.3935413171574,0.024095509024478823,0.0005883079109461654,32.0
2019,FIN,7.21240533717995e-05,22846181715.056995,45,84,0.001,8111,237,7.212145255731554e-05,23.852049838181582,0.03333289371308962,-0.033260772260532305,61.0
2019,HRV,0.0027767760548142806,9193755810.59,40,47,0.001,8111,237,0.002772927934118643,22.94179037443782,0.01499426651753033,-0.012221338583411687,38.0
2019,HUN,0.003119365308330328,11655168470.862999,41,94,0.001,8111,237,0.0031145101823543855,23.17901556422996,0.019773545932106673,-0.016659035749752287,45.0
2019,SVK,0.00021637216011539847,11050853403.494,40,55,0.001,8111,237,0.00021634875503563956,23.125773493103928,0.018700899579731478,-0.01848455082469584,46.0
2019,NIC,0.00421925712225027,1012703652.379,26,10,0.001,8111,237,0.0042103810152115005,20.735889475858958,-0.029447121702712964,0.03365750271792446,11.0
2020,COL,0.01959971150378651,37531417939.687004,42,60,0.16,7861,237,0.01941011056939737,24.34844423090607,0.052596417269724416,-0.033186306700327045,51.0
2020,NLD,0.21853588171655247,148825843742.60898,94,186,0.16,7861,237,0.19765004109851192,25.726042625337232,0.0831926789902745,0.11445736210823743,2.0
2020,PAN,0.00423728813559322,20458312124.777996,60,27,0.16,7861,237,0.004228336109521116,23.7416550977706,0.03911971810859882,-0.03489138199907771,53.0
2020,USA,0.3721240533717995,395131380879.8399,115,177,0.16,7861,237,0.3163599431257155,26.70248415637006,0.10487930461285377,0.21148063851286175,1.0
2020,AGO,0.00423728813559322,37596040114.51499,41,25,0.16,7861,237,0.004228336109521116,24.350164565719403,0.052634625657893674,-0.04840628954837256,61.0
2020,ARE,0.06364947710061306,160827923516.08304,91,160,0.16,7861,237,0.061705897827351926,25.80360083232842,0.08491523558533998,-0.02320933775798805,45.0
2020,CAN,0.00571583122971511,238244032415.99902,63,127,0.16,7861,237,0.0056995578475486815,26.19656133159934,0.09364283161777853,-0.08794327377022985,63.0
2020,CHL,0.00284890010818608,8172829674.113002,49,18,0.16,7861,237,0.0028448496832865844,22.82408103531623,0.01874053047573665,-0.015895680792450066,40.0
2020,CHN,0.10782545979084025,173199889437.37796,84,174,0.16,7861,237,0.10239904865178476,25.877712194727994,0.08656123825898576,0.015837810392798995,19.0
2020,ESP,0.08321312657771367,107346932850.64,77,147,0.16,7861,237,0.07993174143490063,25.399331789383197,0.0759364784283415,0.003995263006559127,25.0
2020,FRA,0.044554633970429136,63907552156.59799,95,177,0.16,7861,237,0.04359060698492621,24.88070337847621,0.06441781619704923,-0.02082720921212302,44.0
2020,GRC,0.006833754056978002,26304821236.669,65,135,0.16,7861,237,0.006810509796673778,23.99301807635125,0.04470245362179337,-0.037891943825119595,57.0
2020,IND,0.17598269022719076,62737526259.246994,78,152,0.16,7861,237,0.16210413017354108,24.862225610500747,0.06400742763440703,0.09809670253913405,3.0
2020,ITA,0.025477821853588174,84834701639.94798,74,148,0.16,7861,237,0.025158671630020363,25.163970513501646,0.07070913842499604,-0.04555046679497568,59.0
2020,JPN,0.001586729174179589,20413211340.552998,63,120,0.16,7861,237,0.0015854716495018102,23.739448142966634,0.0390707019605977,-0.037485230311095886,56.0
2020,MYS,0.05281283808150018,54201668447.165985,60,109,0.16,7861,237,0.05146547574091569,24.715977528094715,0.0607592788099659,-0.009293803069050213,32.0
2020,NOR,0.015290299314821494,57551254026.020004,56,63,0.16,7861,237,0.01517458077808694,24.77594176209445,0.062091075801559925,-0.04691649502347298,60.0
2020,PRT,0.01144969347277317,30945669662.904,56,93,0.16,7861,237,0.011384641809296025,24.15549891235936,0.04831112956332606,-0.036926487754030034,55.0
2020,SGP,0.16343310494049765,72988211156.483,82,146,0.16,7861,237,0.15137520742790936,25.013563774060344,0.06736862642738961,0.08400658100051975,4.0
2020,THA,0.01833754056978002,30855230790.313995,51,108,0.16,7861,237,0.018171435439333368,24.15257212855904,0.048246126117099664,-0.030074690677766296,48.0
2020,TUR,0.0933826181031374,46066003707.053,77,179,0.16,7861,237,0.08927621024533858,24.553341068221478,0.05714714648482622,0.03212906376051236,6.0
2020,ZAF,0.04870176703930761,16390975268.909,76,112,0.16,7861,237,0.04755298683754813,23.51999673189214,0.03419671776075994,0.013356269076788184,22.0
2020,SRB,0.015308330328164444,2143247793.486,39,57,0.16,7861,237,0.015192340086184765,21.485588176471403,-0.01098720293760963,0.026179543023794397,11.0
2020,ARG,0.01130544536602957,2839506391.6829996,38,12,0.16,7861,237,0.011242016432434115,21.76689606862031,-0.004739395211470321,0.015981411643904438,18.0
2020,AUS,0.013270825820411107,24901051874.075996,60,67,0.16,7861,237,0.013183539801773034,23.938175883503778,0.043484416425704,-0.030300876623930963,49.0
2020,AZE,0.007032095203750451,77684819420.35301,38,71,0.16,7861,237,0.007007485327577737,25.07592570098942,0.0687536758332491,-0.06174619050567136,62.0
2020,BRA,0.04500540930400289,60445064906.732,53,135,0.16,7861,237,0.04402206177084386,24.825000771431075,0.06318066932568278,-0.01915860755483892,43.0
2020,CHE,0.00286693112152903,19768118443.331993,64,134,0.16,7861,237,0.0028628293123673207,23.707336297335328,0.038357502498956975,-0.03549467318658965,54.0
2020,CIV,0.020897944464478905,3318837798.8529997,55,46,0.16,7861,237,0.020682577736479992,21.922880498304163,-0.001275003517758555,0.021957581254238547,14.0
2020,CMR,0.00423728813559322,1281046272.3610003,45,22,0.16,7861,237,0.004228336109521116,20.970942982050904,-0.022417398505030328,0.026645734614551445,10.0
2020,COG,0.01678687342228633,3687114402.549,35,19,0.16,7861,237,0.016647531114936064,22.028109984615593,0.0010621282014120492,0.015585402913524015,20.0
2020,CYP,0.0023620627479264333,6651551596.087999,54,18,0.16,7861,237,0.0023592774628636713,22.618115987269004,0.014166076454294019,-0.011806798991430348,34.0
2020,DEU,0.11231518211323477,117148863269.44891,93,160,0.16,7861,237,0.10644359281985907,25.486711298655948,0.0778771647310621,0.028566428088796975,9.0
2020,EGY,0.00421925712225027,8602291824.358997,63,58,0.16,7861,237,0.0042103810152115005,22.875294496024182,0.01987797405419167,-0.01566759303898017,39.0
2020,FIN,7.21240533717995e-05,15537582422.217,48,79,0.16,7861,237,7.212145255731554e-05,23.466527598561896,0.033009176018582886,-0.032937054566025574,50.0
2020,GBR,0.08570140641904075,131810139200.37001,93,160,0.16,7861,237,0.08222623565783373,25.60462838474617,0.0804960862120433,0.0017301494457904326,26.0
2020,GTM,0.00845654525784349,1744641876.836,37,22,0.16,7861,237,0.008420988993802178,21.27981514393759,-0.015557392322183894,0.02397838131598607,12.0
2020,HKG,0.007086188243779301,8598640063.14,57,41,0.16,7861,237,0.0070611991938252195,22.874869895624933,0.019868543740542477,-0.012807344546717257,36.0
2020,KEN,0.0143526866209881,2733271738.8790007,54,59,0.16,7861,237,0.014250661875079822,21.728765168104,-0.0055862770142898754,0.019836938889369698,16.0
2020,KOR,0.026541651640822214,51996621430.33301,62,155,0.16,7861,237,0.02619553302074691,24.67444458094267,0.05983683804186779,-0.03364130502112088,52.0
2020,LTU,0.00423728813559322,5006864866.360001,48,114,0.16,7861,237,0.004228336109521116,22.334075781186257,0.00785758442962442,-0.003629248320103304,27.0
2020,MEX,0.014118283447529752,50873518140.897995,47,33,0.16,7861,237,0.014019548708600754,24.65260835285298,0.05935185856430558,-0.04533230985570483,58.0
2020,MLT,0.00420122610890732,7624072942.844999,57,25,0.16,7861,237,0.004192425598510685,22.75457657091322,0.017196846342379946,-0.01300442074386926,37.0
2020,MOZ,0.00423728813559322,2035489820.5039997,34,17,0.16,7861,237,0.004228336109521116,21.43400232540549,-0.012132917252224318,0.016361253361745435,17.0
2020,NGA,0.14217454020915976,63693143550.911995,61,45,0.16,7861,237,0.1329339368663846,24.87734275718361,0.06434317728266914,0.06859075958371547,5.0
2020,NZL,0.00573386224305806,2314751350.5279994,48,55,0.16,7861,237,0.005717486223686493,21.562568111168705,-0.009277489686817075,0.014994975910503569,21.0
2020,PNG,0.00286693112152903,1010455823.262,25,19,0.16,7861,237,0.0028628293123673207,20.733667377139827,-0.027687255480116912,0.030550084792484233,8.0
2020,ROU,0.00430941218896502,9715652089.425001,49,79,0.16,7861,237,0.004300153263079104,22.997004039543306,0.022581125467878826,-0.018280972204799722,42.0
2020,RUS,0.05692390912369275,121463405514.39902,63,147,0.16,7861,237,0.05536271671285189,25.522878865186776,0.0786804411691342,-0.02331772445628231,46.0
2020,SEN,0.011197259285971872,3636840831.329001,49,33,0.16,7861,237,0.011135034048764574,22.014381238542693,0.0007572147305199284,0.010377819318244646,23.0
2020,SWE,0.019184998196898666,29546167178.437004,50,131,0.16,7861,237,0.01900328653286777,24.109219866106304,0.04728327861847903,-0.02827999208561126,47.0
2020,TTO,0.02403534078615218,3789483263.8899994,32,48,0.16,7861,237,0.02375103850825062,22.05549550502769,0.0016703566613675003,0.02208068184688312,13.0
2020,UKR,0.007068157230436351,8577525506.027,57,122,0.16,7861,237,0.007043294892316304,22.872411306405894,0.01981393882846283,-0.012770643936146527,35.0
2020,UZB,0.00421925712225027,1036471835.2770002,39,10,0.16,7861,237,0.0042103810152115005,20.759088317524007,-0.027122660059331727,0.031333041074543225,7.0
2020,BLR,0.008366390191128741,8146300487.82,37,62,0.16,7861,237,0.008331585937946182,22.820829733390646,0.0186683195287366,-0.010336733590790417,33.0
2020,LCA,0.00423728813559322,1684580679.8830001,17,20,0.16,7861,237,0.004228336109521116,21.244782515706053,-0.016335461944262275,0.020563798053783392,15.0
2020,BGR,0.022376487558600795,6853579724.546999,48,92,0.16,7861,237,0.02212980707485327,22.648036940390256,0.014830616509165506,0.0072991905656877645,24.0
2020,CZE,0.014857554994590697,12278581163.723,48,104,0.16,7861,237,0.014748262738377297,23.231122212658107,0.0277808563380032,-0.013032593599625905,38.0
2020,EST,0.011215290299314822,7493780250.152,40,71,0.16,7861,237,0.011152865240869395,22.737339213582928,0.016814007121326635,-0.00566114188045724,28.0
2020,HRV,0.00039668229354489725,8140819626.248,44,42,0.16,7861,237,0.0003966036359245939,22.820156703199938,0.01865337162523728,-0.018256767989312687,41.0
2020,HUN,0.013919942300757302,8581875555.455,43,93,0.16,7861,237,0.013823949685972245,22.872918322881013,0.01982519959127449,-0.006001249905302245,29.0
2020,SVK,0.010926794085827623,8313012787.968001,44,92,0.16,7861,237,0.010867528005991261,22.841087929924107,0.019118251152952848,-0.008250723146961587,31.0
2020,SVN,0.005210962856112514,6299054376.891001,44,62,0.16,7861,237,0.00519743277199137,22.563665360330493,0.012956735880587433,-0.007759303108596063,30.0
2021,NLD,0.22203860623747407,231175796414.36298,94,185,0.334,7904,240,0.20052045291605655,26.166444281479826,0.07379662168599993,0.12672383123005662,2.0
2021,PAN,1.7580253858865723e-05,35824898969.604,63,13,0.334,7904,240,1.7580099328013978e-05,24.301908990575832,0.03811216952215862,-0.03809458942283061,62.0
2021,USA,0.43078654055764565,650434781745.1702,109,177,0.334,7904,240,0.3582243214236504,27.200906871219654,0.09359470809334108,0.2646296133303093,1.0
2021,AGO,0.0041489399106923106,56162008243.23301,40,25,0.334,7904,240,0.004140356791873793,24.75150635535925,0.04671679917699584,-0.042576442385122044,64.0
2021,ARE,0.06629513730178264,201651648792.51,92,172,0.334,7904,240,0.06419015168440026,26.029807534743693,0.07118159612090885,-0.006991444436508593,31.0
2021,AUS,0.019004254421433848,47603580943.892,63,76,0.334,7904,240,0.018825929326507847,24.58617382528886,0.04355257869310075,-0.024726649366592905,47.0
2021,CAN,0.03152139516894624,409535438097.52216,65,127,0.334,7904,240,0.0310347951162389,26.738289276418303,0.0847408904625489,-0.053706095346310004,67.0
2021,CHL,0.002707359094265321,14643526821.441998,49,24,0.334,7904,240,0.002703700799024381,23.407264219639334,0.020989989701879708,-0.018286288902855326,41.0
2021,CHN,0.09727154460110404,231644637113.902,86,168,0.334,7904,240,0.092826684482166,26.16847029773125,0.07383539664529398,0.01899128783687201,15.0
2021,ESP,0.042860658907914635,174326812112.20203,81,140,0.334,7904,240,0.04196757064888304,25.884197605027147,0.06839483708400634,-0.026427266435123303,51.0
2021,FRA,0.022766428747231112,90478079937.43298,92,184,0.334,7904,240,0.022511141005354292,25.22837344768951,0.05584333114868023,-0.03333219014332594,57.0
2021,IDN,0.0016349636088745121,31881245344.838005,48,47,0.334,7904,240,0.001633628510899645,24.1852837536512,0.03588013470445561,-0.034246506193555966,59.0
2021,IND,0.19923701698252524,119559062826.72302,81,155,0.334,7904,240,0.18168553539398916,25.50707633582125,0.061177292875218336,0.12050824251877082,3.0
2021,ITA,0.02786470236630217,121555212284.36304,74,151,0.334,7904,240,0.02748354588714852,25.523634418610314,0.06149419012897045,-0.03401064424182193,58.0
2021,JPN,0.011075559931085405,32889891496.140995,64,118,0.334,7904,240,0.011014675060722103,24.216431198179972,0.03647625079822714,-0.025461575737505036,50.0
2021,KOR,0.02638796104215745,89996894684.185,63,146,0.334,7904,240,0.026045804946289424,25.22304100318347,0.0557412760350976,-0.029695471088808174,56.0
2021,MYS,0.03222460532330087,79652010142.31401,65,110,0.334,7904,240,0.03171628419619616,25.10093311018821,0.05340431127627865,-0.021688027080082488,43.0
2021,PRT,0.008315460075243487,47697898336.594,52,85,0.334,7904,240,0.00828107711238269,24.588153173861524,0.0435904605019361,-0.03530938338955341,60.0
2021,SGP,0.19672304068070745,123645449903.10498,85,145,0.334,7904,240,0.1795870219264079,25.54068403204918,0.06182049455353095,0.11776652737287696,4.0
2021,THA,0.02171161351569917,47550710804.443985,54,106,0.334,7904,240,0.02147927340558554,24.58506257441586,0.04353131099234281,-0.022052037586757268,45.0
2021,ZAF,0.04317710347737422,25511774286.977005,73,117,0.334,7904,240,0.042270963595638776,23.962405919326578,0.03161458207258161,0.010656381523057167,22.0
2021,SRB,0.015171759080201118,3871236934.3640003,44,62,0.334,7904,240,0.015057818946202478,22.076839914461104,-0.004472366901049796,0.019530185847252274,14.0
2021,ARG,0.006909039766534229,4778624713.988001,43,13,0.334,7904,240,0.006885281718710909,22.287418625521727,-0.0004422013266975333,0.007327483045408443,24.0
2021,AZE,0.0027600998558419184,111624267573.52602,40,73,0.334,7904,240,0.002756297774710405,25.438404314639136,0.05986301179573322,-0.05710671402102282,68.0
2021,BEL,0.01373017826377413,64436848842.56897,85,179,0.334,7904,240,0.013636773372255587,24.88895149343209,0.049347296158543885,-0.0357105227862883,61.0
2021,BGR,0.0006680496466368974,8105118096.851,47,82,0.334,7904,240,0.0006678266008033103,22.815761563015062,0.00966950230855168,-0.009001675707748371,33.0
2021,BRA,0.06001898667416758,92397204384.748,50,115,0.334,7904,240,0.05828681992032046,25.249362559570844,0.056245031756088915,0.0020417881642315477,27.0
2021,CHE,0.004184100418410042,26327185973.532,68,132,0.334,7904,240,0.004175371410480637,23.993867929487916,0.03221671848805069,-0.028041347077570052,54.0
2021,CIV,0.013747758517632996,5130117555.829,48,46,0.334,7904,240,0.013654115365024411,22.358394411427742,0.0009161704077019217,0.01273794495732249,21.0
2021,COG,0.01249956049365353,1376072768.1990001,35,20,0.334,7904,240,0.012422085918120747,21.04249945965152,-0.02426811582617916,0.036690201744299905,6.0
2021,COL,0.00826271931366689,57974807074.36301,44,64,0.334,7904,240,0.008228769929722799,24.783274392361264,0.047324792494294665,-0.03909602256457187,63.0
2021,CZE,0.037885447065855636,20666692813.251003,52,107,0.334,7904,240,0.03718541937221404,23.751789198528286,0.0275836890479782,0.009601730324235842,23.0
2021,DEU,0.1242220737667452,175839258309.21692,98,166,0.334,7904,240,0.1170913064817972,25.892836109611803,0.06856016530553272,0.04853114117626449,5.0
2021,EGY,0.007981435251925038,13539304643.272,60,65,0.334,7904,240,0.007949752070769792,23.328862747445026,0.01948950129721344,-0.011539749226443649,36.0
2021,GBR,0.041260855806757854,178219241815.42297,91,151,0.334,7904,240,0.04043234018935315,25.90628032492164,0.06881746773388825,-0.0283851275445351,55.0
2021,GHA,0.004113779402974579,17325690043.531998,58,29,0.334,7904,240,0.004105340947200501,23.575456210639423,0.024208936045487905,-0.020103595098287404,42.0
2021,GRC,0.015013536795471327,38780982817.209,63,137,0.334,7904,240,0.014901949149123798,24.38119582986961,0.039629602545713405,-0.024727653396589607,48.0
2021,GTM,0.008315460075243487,2997703697.926,41,19,0.334,7904,240,0.00828107711238269,21.821112398829246,-0.009366613924992495,0.017647691037375186,16.0
2021,GUY,0.004184100418410042,24772816572.231003,27,11,0.334,7904,240,0.004175371410480637,23.933012783035817,0.031052040847950546,-0.02687666943746991,52.0
2021,HKG,0.0027600998558419184,10467167942.979,55,45,0.334,7904,240,0.002756297774710405,23.071509332782536,0.014564136966741359,-0.011807839192030954,37.0
2021,HUN,0.0174396118279948,12784638698.603,43,93,0.334,7904,240,0.01728928701856222,23.271510185579885,0.018391857953944712,-0.0011025709353824908,29.0
2021,IRN,0.006926620020393095,21988181483.804,32,43,0.334,7904,240,0.006902741190911508,23.813770940722115,0.02876992806696449,-0.02186718687605298,44.0
2021,JAM,0.0041665201645511764,1074983137.911,31,32,0.334,7904,240,0.004157864254430155,20.795570813669077,-0.028993965478062378,0.03315182973249253,8.0
2021,KEN,0.016472697865757183,3098767567.4209995,52,63,0.334,7904,240,0.016338494764175863,21.85427031081628,-0.00873202045286764,0.025070515217043503,11.0
2021,LTU,0.0124116592243592,7022483868.815001,48,108,0.334,7904,240,0.01233526604326047,22.672382820010878,0.006925444890596377,0.005409821152664094,26.0
2021,LVA,0.00826271931366689,3707154471.2049994,46,63,0.334,7904,240,0.008228769929722799,22.033530430655507,-0.0053012464672564374,0.013530016396979237,20.0
2021,MEX,0.010864596884779016,84109762978.35901,46,26,0.334,7904,240,0.010806001182456447,25.155388484932708,0.054446506736248734,-0.043640505553792286,65.0
2021,MLI,0.004184100418410042,1750350090.053,33,12,0.334,7904,240,0.004175371410480637,21.28308165690438,-0.019663727831367217,0.023839099241847853,13.0
2021,MLT,0.00826271931366689,12648718326.225998,59,16,0.334,7904,240,0.008228769929722799,23.260821728981075,0.018187296677970866,-0.009958526748248066,34.0
2021,MOZ,0.004131359656833445,2949503080.6829996,36,27,0.334,7904,240,0.004122849022800819,21.80490254622225,-0.009676846567280961,0.01379969559008178,19.0
2021,NAM,0.004184100418410042,1094329973.027,23,52,0.334,7904,240,0.004175371410480637,20.813408117064444,-0.028652585830892863,0.0328279572413735,9.0
2021,NGA,0.06443163039274287,89806345681.41199,61,39,0.334,7904,240,0.06244097632092512,25.220921474372773,0.055700711383506296,0.006740264937418826,25.0
2021,NOR,0.008544003375408742,103491094178.418,50,69,0.334,7904,240,0.00850770995942544,25.362751399373945,0.05841512671197757,-0.04990741675255213,66.0
2021,NZL,0.013818079533068458,2464376894.2719994,43,48,0.334,7904,240,0.013723480328809028,21.62520483166389,-0.013115995469633213,0.02683947579844224,10.0
2021,OMN,0.002742519601983053,24253322517.269,46,59,0.334,7904,240,0.002738765756862362,23.911819456007382,0.030646431864184864,-0.027907666107322503,53.0
2021,PER,0.004184100418410042,9446781810.112,45,47,0.334,7904,240,0.004175371410480637,22.968939971363376,0.012601110850317898,-0.008425739439837262,32.0
2021,PHL,0.004184100418410042,11486152211.329002,48,13,0.334,7904,240,0.004175371410480637,23.16440799128826,0.016342080109842394,-0.012166708699361758,38.0
2021,PNG,0.0027600998558419184,1533763393.427,20,16,0.334,7904,240,0.002756297774710405,21.150990287074,-0.0221917615945057,0.024948059369216104,12.0
2021,ROU,0.003006223409866039,13184374945.387001,50,77,0.334,7904,240,0.003001713756028415,23.302298249210573,0.01898109602801401,-0.015979382271985594,39.0
2021,RUS,0.045075770894131714,185110433767.29605,61,155,0.334,7904,240,0.04408939082085592,25.94421842321544,0.06954354691316506,-0.025454156092309138,49.0
2021,SAU,1.7580253858865723e-05,203901681398.048,60,19,0.334,7904,240,1.7580099328013978e-05,26.040903760687268,0.0713939615000006,-0.0713763814006726,69.0
2021,SEN,0.002707359094265321,5862906298.313001,45,35,0.334,7904,240,0.002703700799024381,22.491911273104208,0.0034714859797928543,-0.0007677851807684735,28.0
2021,SVK,0.03206638303857108,12279781055.493,37,57,0.334,7904,240,0.0315629896404076,23.23121993023065,0.017620761961987585,0.013942227678420016,18.0
2021,SVN,0.006047607327449809,8240578250.243,44,64,0.334,7904,240,0.006029393944958351,22.832336354527285,0.00998671934259171,-0.003957325397633359,30.0
2021,SWE,0.01895151365985725,44203083048.31099,52,141,0.334,7904,240,0.01877417083163332,24.512060375844342,0.04213415671186921,-0.023359985880235887,46.0
2021,TTO,0.01643753735803945,4850084791.983,31,39,0.334,7904,240,0.016303903460426174,22.302262024832253,-0.00015812058270237017,0.016462024043128545,17.0
2021,TUR,0.09050314686544074,75473756947.676,71,182,0.334,7904,240,0.08663919236417786,25.047050842694194,0.0523730842427923,0.03426610812138556,7.0
2021,UKR,0.004184100418410042,10924491218.333,55,128,0.334,7904,240,0.004175371410480637,23.114273006530865,0.015382570534433482,-0.011207199123952846,35.0
2021,HRV,7.032101543546289e-05,12658041971.321001,41,43,0.334,7904,240,7.031854302876437e-05,23.261558579167072,0.018201398902446042,-0.018131080359417278,40.0
2022,USA,0.4325836820083682,981637310117.548,111,185,0.09,7907,241,0.35947958466033353,27.612487739113995,0.08872919877149288,0.27075038588884065,1.0
2022,AGO,0.009640864714086471,83435728341.57599,39,24,0.09,7907,241,0.009594688128787273,25.147342451968147,0.04506331827796878,-0.0354686301491815,62.0
2022,ARE,0.05313807531380753,255533221794.95703,97,167,0.09,7907,241,0.05177435020975951,26.266618264736103,0.0648893967385224,-0.013115046528762886,45.0
2022,BRA,0.03683751743375174,143489467646.696,56,129,0.09,7907,241,0.03617523175762571,25.689527473269152,0.054667209159759145,-0.018491977402133437,52.0
2022,CAN,0.0150278940027894,599635596311.5961,66,119,0.09,7907,241,0.014916093892280756,27.11958796817822,0.07999831276441038,-0.06508221887212963,72.0
2022,CHL,0.0027370990237099023,22536776825.049995,49,21,0.09,7907,241,0.0027333599893613406,23.838414337375895,0.021877869970143515,-0.019144509980782175,53.0
2022,CHN,0.07613319386331939,212505724599.585,88,172,0.09,7907,241,0.0733742401970499,26.082234764244898,0.06162335479794845,0.011750885399101449,18.0
2022,ESP,0.06047768479776848,267656001312.85596,86,140,0.09,7907,241,0.058719452649177405,26.31296841577936,0.06571041129164634,-0.006990958642468938,34.0
2022,FRA,0.06338912133891214,147798476946.05298,95,185,0.09,7907,241,0.06146109196140085,25.71911554058369,0.05519131174232411,0.0062697802190767385,22.0
2022,GBR,0.051795676429567644,273403609909.1911,89,161,0.09,7907,241,0.050498871525342263,26.334214964917162,0.0660867579842282,-0.015587886458885931,49.0
2022,IDN,0.00031380753138075313,52093763132.484,49,57,0.09,7907,241,0.0003137583040957034,24.676311069009916,0.036719793787058475,-0.03640603548296277,63.0
2022,IND,0.22013598326359832,167582464552.44,85,160,0.09,7907,241,0.19896231422524643,25.84474139275118,0.057416561295056956,0.14154575293018948,2.0
2022,ITA,0.02615062761506276,157061383349.26404,78,154,0.09,7907,241,0.025814546513961797,25.7799025426365,0.056268050700079675,-0.030453504186117877,59.0
2022,MYS,0.041753835425383544,120359604527.88,63,115,0.09,7907,241,0.04090567302747939,25.513749802967396,0.051553604949553244,-0.010647931922073854,39.0
2022,NLD,0.1344839609483961,331201552641.8799,92,180,0.09,7907,241,0.12617788758682819,26.52599294737793,0.06948378066970112,0.05669410691712706,5.0
2022,PRT,0.012883542538354253,75951106562.182,59,81,0.09,7907,241,0.012801255714418857,25.053355635509206,0.04339850074495655,-0.030597245030537693,60.0
2022,SGP,0.16417364016736402,161651884064.54004,81,152,0.09,7907,241,0.15201151358521778,25.80871099626515,0.05677834374443347,0.09523316984078431,3.0
2022,TGO,0.004114365411436541,14853442522.496002,46,21,0.09,7907,241,0.004105924554659122,23.42149749509311,0.014492893066029522,-0.0103869685113704,38.0
2022,THA,0.026290097629009763,58348153237.91501,54,116,0.09,7907,241,0.02595045301050151,24.789693545459432,0.03872817264104339,-0.012777719630541879,44.0
2022,ZAF,0.03284518828451883,34075250565.674004,73,119,0.09,7907,241,0.03231731277336123,24.251837167889324,0.029200956363722774,0.0031163564096384558,24.0
2022,EGY,0.002771966527196653,14600332240.209997,59,74,0.09,7907,241,0.002768131712999185,23.404310121649043,0.014188447807277627,-0.011420316094278442,40.0
2022,GRC,0.026673640167364017,48931594779.9,73,133,0.09,7907,241,0.02632410066511447,24.613689134826867,0.03561055210926822,-0.009286451444153753,37.0
2022,ARG,0.0027545327754532776,11704305040.608,44,26,0.09,7907,241,0.0027507460023143584,23.183222563346472,0.010272255544783171,-0.007521509542468812,36.0
2022,AUS,0.007304741980474198,78193484328.013,56,82,0.09,7907,241,0.007278191570303136,25.082452160425465,0.043913896485075876,-0.03663570491477274,64.0
2022,AZE,0.011349372384937238,161106817826.2759,42,87,0.09,7907,241,0.011285451445199584,25.805333446701116,0.05671851616494222,-0.045433064719742636,69.0
2022,BEL,0.008455369595536959,101635961333.47,74,181,0.09,7907,241,0.0084198231894873,25.34466325960764,0.0485585227392229,-0.0401386995497356,67.0
2022,BGR,0.016283124128312412,17984071108.764,48,80,0.09,7907,241,0.016151975816899256,23.612752264707037,0.017880647920611503,-0.0017286721037122477,28.0
2022,BRN,0.004149232914923292,21042977770.902,26,21,0.09,7907,241,0.004140648585428102,23.769832743884418,0.020663063004781435,-0.016522414419353332,51.0
2022,CIV,0.013668061366806136,9098526153.21,46,35,0.09,7907,241,0.01357549592239576,22.93137827627628,0.0058112598381503955,0.007764236084245365,21.0
2022,COG,0.016440027894002788,7891114162.598999,35,24,0.09,7907,241,0.016306353717151823,22.78900317395118,0.003289325639870666,0.013017028077281157,17.0
2022,COL,0.018776150627615062,156938995429.01797,48,66,0.09,7907,241,0.018602054571204164,25.7791230026441,0.05625424246722399,-0.03765218789601983,65.0
2022,CYP,0.0026324965132496513,14732372625.352999,56,16,0.09,7907,241,0.0026290375634225854,23.413313128879796,0.014347920857353091,-0.011718883293930506,42.0
2022,CZE,0.01849721059972106,36048136656.411,49,116,0.09,7907,241,0.01832821794726773,24.30812101161366,0.03019792948599609,-0.011869711538728359,43.0
2022,DEU,0.07182705718270573,275136645863.912,94,173,0.09,7907,241,0.0693647223790302,26.340533705256238,0.06619868378509453,0.0031660385939356744,23.0
2022,EST,0.002789400278940028,11616454606.991001,47,74,0.09,7907,241,0.00278551712142633,23.175688430625904,0.01013880112296306,-0.007353284001536729,35.0
2022,FJI,0.01391213389121339,1202879367.065,23,22,0.09,7907,241,0.013816248447160978,20.907983992988292,-0.030029748570578718,0.043845997017739696,6.0
2022,GEO,0.004131799163179916,3058985346.77,45,29,0.09,7907,241,0.004123286720763401,21.84134911222793,-0.01349676369294922,0.01762005041371262,13.0
2022,GHA,0.006851464435146444,23590979259.448006,55,28,0.09,7907,241,0.006828099813232732,23.884130241180884,0.022687649905878404,-0.015859550092645672,50.0
2022,GUY,0.004166666666666667,79246083891.23401,28,21,0.09,7907,241,0.004158010148663692,25.095823833873826,0.04415075307029992,-0.03999274292163623,66.0
2022,HKG,0.006938633193863319,13758813991.033998,55,44,0.09,7907,241,0.006914671654929588,23.344945473297436,0.01313690344030738,-0.006222231785377791,32.0
2022,HUN,0.011070432357043235,14496899472.62,45,96,0.09,7907,241,0.01100960364247462,23.397200634102656,0.014062515256693442,-0.003052911614218822,30.0
2022,ISR,0.004166666666666667,26377665254.376,59,30,0.09,7907,241,0.004158010148663692,23.995783475973727,0.0246653981678579,-0.020507388019194207,55.0
2022,JAM,0.004149232914923292,2916743842.793,33,37,0.09,7907,241,0.004140648585428102,21.793733709026775,-0.014340190048658996,0.018480838634087098,12.0
2022,JPN,0.01239539748953975,41190042899.671005,59,124,0.09,7907,241,0.012319203540153442,24.441462386925078,0.03255984648518917,-0.020240642945035726,54.0
2022,KEN,0.012360529986052998,2900922483.7570004,50,58,0.09,7907,241,0.012284762348484805,21.788294621548406,-0.014436534286486558,0.026721296634971362,8.0
2022,KOR,0.03655857740585774,111146329364.41199,63,145,0.09,7907,241,0.03590616591895542,25.43411345265847,0.05014298165945247,-0.014236815740497046,46.0
2022,LTU,0.020641562064156207,12137352414.701,48,118,0.09,7907,241,0.020431411985486078,23.21955351112441,0.01091579685334626,0.009515615132139818,19.0
2022,MDG,0.004166666666666667,1266243126.034,28,44,0.09,7907,241,0.004158010148663692,20.959320185701184,-0.0291204147200822,0.03327842486874589,7.0
2022,MEX,0.008298465829846583,118738004467.43,47,27,0.09,7907,241,0.008264222874514945,25.50018525975611,0.0513133320025988,-0.04304910912808385,68.0
2022,MLI,0.004166666666666667,2074022976.344,33,11,0.09,7907,241,0.004158010148663692,21.452756025450334,-0.020380033160399547,0.02453804330906324,9.0
2022,MLT,0.008141562064156206,10643069122.869001,59,14,0.09,7907,241,0.008108598344316622,23.088174730757224,0.008588643905074966,-0.0004800455607583444,27.0
2022,NAM,0.006921199442119944,2437272624.356001,27,59,0.09,7907,241,0.0068973578861545376,21.614145474580017,-0.017521291959481655,0.024418649845636194,10.0
2022,NGA,0.02051952580195258,75069415750.36101,58,35,0.09,7907,241,0.02031183664861091,25.041679065783054,0.04319167005595209,-0.02287983340734118,57.0
2022,NOR,0.007182705718270572,140162178728.13306,50,74,0.09,7907,241,0.0071570329475553794,25.666066008599387,0.054251628983688016,-0.047094596036132634,71.0
2022,NZL,0.011070432357043235,7572540574.948001,44,46,0.09,7907,241,0.01100960364247462,22.74779445918053,0.0025593829367571153,0.008450220705717505,20.0
2022,OMN,0.01044281729428173,41809014324.676,46,56,0.09,7907,241,0.010388667734154353,24.456377806951505,0.03282404793075133,-0.02243538019659698,56.0
2022,PAN,1.7433751743375174e-05,91573158667.07796,57,13,0.09,7907,241,1.7433599777291472e-05,25.24040403804444,0.04671174691920721,-0.046694313319429914,70.0
2022,PER,0.008263598326359832,14614005810.302002,47,37,0.09,7907,241,0.008229641738521181,23.405246207968432,0.014205028993614643,-0.005975387255093462,31.0
2022,PNG,0.002771966527196653,2070928667.7359998,21,18,0.09,7907,241,0.002768131712999185,21.451262975857947,-0.020406480009358963,0.023174611722358147,11.0
2022,POL,0.0002092050209205021,48401601357.12801,54,133,0.09,7907,241,0.0002091831406017081,24.602798736033407,0.03541764710901463,-0.03520846396841292,61.0
2022,ROU,0.01802649930264993,26612580805.93,49,89,0.09,7907,241,0.01786594853870189,24.00464990358902,0.024822451940985424,-0.006956503402283532,33.0
2022,SEN,6.97350069735007e-05,6132152088.143999,47,35,0.09,7907,241,6.973257560093576e-05,22.5368116001833,-0.0011778216633910876,0.0012475542389920233,26.0
2022,SRB,0.00838563458856346,4856712995.964001,44,71,0.09,7907,241,0.008350670482995695,22.303627707965788,-0.005308280027722878,0.013658950510718573,16.0
2022,SVN,0.004201534170153417,15904387969.426003,43,64,0.09,7907,241,0.004192732370889403,23.489860881081825,0.015703834854443155,-0.011511102483553751,41.0
2022,SWE,0.013824965132496514,66911621226.910995,48,136,0.09,7907,241,0.013730272056224953,24.926638499426836,0.041153920942903266,-0.027423648886678312,58.0
2022,TTO,0.008315899581589958,3931982471.8079996,35,24,0.09,7907,241,0.008281512994076552,22.092409581644592,-0.009049651990706009,0.01733116498478256,14.0
2022,TUR,0.13797071129707114,130706084009.91699,78,189,0.09,7907,241,0.1292465983756357,25.59621700592638,0.053014372007713695,0.07623222636792201,4.0
2022,TZA,0.002771966527196653,3322663364.468,46,25,0.09,7907,241,0.002768131712999185,21.92403251678398,-0.01203216698906795,0.014800298702067134,15.0
2022,UKR,0.004166666666666667,19351567481.281,50,109,0.09,7907,241,0.004158010148663692,23.68603925997755,0.019178803122212984,-0.015020792973549291,48.0
2022,HRV,0.002684797768479777,17189452292.173,42,48,0.09,7907,241,0.0026812001367880318,23.567561793889006,0.017080175141795717,-0.014398975005007685,47.0
2022,MDA,6.97350069735007e-05,5936131793.558001,36,11,0.09,7907,241,6.973257560093576e-05,22.504323545152282,-0.00175329262481827,0.0018230252004192058,25.0
2022,SVK,0.01192468619246862,14966230419.006004,38,57,0.09,7907,241,0.011854147337481542,23.429062194717915,0.014626888928873205,-0.0027727415913916635,29.0
2023,USA,0.4859483960948396,835150681091.4482,114,175,0.032,7973,241,0.3960532189730921,27.45087800191511,0.09084051947272254,0.30521269950036956,1.0
2023,AGO,0.002684797768479777,66414132435.59901,46,23,0.032,7973,241,0.0026812001367880318,24.919175708682616,0.04320603340811274,-0.04052483327132471,63.0
2023,BEL,0.025139470013947,90393509654.24802,71,178,0.032,7973,241,0.024828671640208935,25.22743830591807,0.049006055958751626,-0.024177384318542692,48.0
2023,BRA,0.01738145048814505,128133051481.60501,59,137,0.032,7973,241,0.017232120969966885,25.576335025704523,0.05557061766929772,-0.03833849669933083,61.0
2023,CAN,0.018218270571827056,496063866311.67395,63,128,0.032,7973,241,0.018054306316294542,26.929970518109297,0.08103954076182618,-0.06298523444553164,68.0
2023,CHN,0.07934100418410042,197713822230.06296,87,188,0.032,7973,241,0.07635067358873154,26.010086479858913,0.0637317382140205,0.012618935374711038,19.0
2023,ESP,0.05955369595536959,216629842629.942,80,150,0.032,7973,241,0.05784777790955555,26.10145593963568,0.06545087291248075,-0.007603095002925199,35.0
2023,FRA,0.0620118549511855,126167389716.65295,90,187,0.032,7973,241,0.06016508561166653,25.560875352058694,0.05527974081114023,0.004885344800526298,27.0
2023,GBR,0.03375174337517434,217604387420.73804,94,156,0.032,7973,241,0.03319465381158436,26.105944514508653,0.06553532634834014,-0.03234067253675578,56.0
2023,IDN,0.0002092050209205021,47559126762.693985,55,66,0.032,7973,241,0.0002091831406017081,24.5852395478707,0.03692295761314851,-0.036713774472546805,59.0
2023,IND,0.23598326359832636,217452300323.08698,86,159,0.032,7973,241,0.21186681816576877,26.105245354568673,0.06552217151394002,0.14634464665182875,2.0
2023,ITA,0.053817991631799164,133116285899.26897,71,150,0.032,7973,241,0.052419751746373894,25.61448891324148,0.056288490710313666,-0.003868738963939772,32.0
2023,MYS,0.018165969316596933,111581531242.038,66,114,0.032,7973,241,0.018002939531758348,25.43802138254475,0.05296821875167962,-0.03496527921992127,58.0
2023,NLD,0.12180962343096234,308975978059.395,91,180,0.032,7973,241,0.11494311661740256,26.456529369917305,0.07213165066896321,0.04281146594843935,4.0
2023,POL,0.0019177126917712692,54278894007.650024,59,129,0.032,7973,241,0.00191587622828524,24.717401296035817,0.03940960739344618,-0.037493731165160936,60.0
2023,PRT,0.012133891213389121,58363344470.811005,56,91,0.032,7973,241,0.012060865684470904,24.78995386656369,0.04077469854930593,-0.028713832864835028,54.0
2023,SGP,0.14400278940027894,159769247680.83298,84,161,0.032,7973,241,0.13453333124159064,25.79699640921742,0.059722405826238556,0.07481092541535209,3.0
2023,SWE,0.00549163179916318,53112996267.972,54,137,0.032,7973,241,0.0054766077684524446,24.695687486075805,0.039001057707049536,-0.033524449938597094,57.0
2023,VNM,0.004166666666666667,23008068570.230003,52,43,0.032,7973,241,0.004158010148663692,23.859110798801797,0.0232606996647734,-0.019102689516109706,44.0
2023,ZAF,0.04400278940027894,30806328946.283,70,120,0.032,7973,241,0.04306216129622527,24.150985991118123,0.028752389907406695,0.014309771388818573,18.0
2023,GRC,0.016527196652719664,53174682196.98899,71,139,0.032,7973,241,0.01639210892040133,24.69684822148432,0.039022897176401616,-0.022630788256000286,47.0
2023,HRV,0.0025627615062761505,12494285636.505,46,52,0.032,7973,241,0.0025594832327680336,23.248537227730605,0.01177263555061775,-0.009213152317849716,38.0
2023,SRB,0.008403068340306834,4164885061.898,40,62,0.032,7973,241,0.00836795910794534,22.149954516241586,-0.008897418349925634,0.017265377457870976,12.0
2023,TUR,0.07585425383542538,131264628053.98401,74,191,0.032,7973,241,0.0731150007393528,25.600481184055347,0.05602493247817192,0.017090068261180882,13.0
2023,ARE,0.05903068340306834,267427496827.951,92,173,0.032,7973,241,0.05735404014010735,26.31211432665275,0.06941445268549806,-0.012060412545390711,41.0
2023,ARG,0.006799163179916318,9789196681.25,42,27,0.032,7973,241,0.006776153110538003,23.004545235193643,0.00718187730884251,-0.00040572419830450703,30.0
2023,AUS,0.01802649930264993,72009306581.42699,63,71,0.032,7973,241,0.01786594853870189,25.000061205698625,0.04472791024597689,-0.026861961707274996,52.0
2023,AZE,0.010704323570432358,135515149040.90504,35,87,0.032,7973,241,0.0106474378873239,25.632349272064165,0.05662453694123204,-0.04597709905390814,65.0
2023,BGR,0.016440027894002788,13959929088.512999,47,74,0.032,7973,241,0.016306353717151823,23.35945685471996,0.013859610563532854,0.0024467431536189695,28.0
2023,CHL,0.0026673640167364015,17056019189.926998,47,22,0.032,7973,241,0.002663812914657137,23.559769010100823,0.01762852391466735,-0.014964711000010213,43.0
2023,CIV,0.01759065550906555,7417076869.556,50,46,0.032,7973,241,0.017437730689177262,22.72705086375067,0.0019607650932230714,0.015476965595954191,16.0
2023,COG,0.012412831241283125,8430462999.793,35,19,0.032,7973,241,0.012336423691174592,22.855117530440456,0.004370365094804096,0.007966058596370496,24.0
2023,COL,0.006764295676429568,130974855878.64297,46,65,0.032,7973,241,0.006741520476203211,25.5982712018747,0.05598335122050646,-0.04924183074430325,66.0
2023,CYP,5.230125523012553e-05,24982222521.337997,58,13,0.032,7973,241,5.229988756716299e-05,23.94143030975724,0.0248095577623208,-0.024757257874753635,49.0
2023,DEU,0.07756276150627615,239938743804.32794,90,182,0.032,7973,241,0.07470178863706678,26.203649493566157,0.06737366511186643,0.007328123525200347,25.0
2023,EGY,0.02276847977684798,15888382921.499,65,74,0.032,7973,241,0.022513146377746932,23.488854045324544,0.016294244639241562,0.00621890173850537,26.0
2023,FIN,5.230125523012553e-05,30808691372.609,44,88,0.032,7973,241,5.229988756716299e-05,24.151062674573385,0.028753832721986783,-0.02870153283441962,53.0
2023,FJI,0.008036959553695955,1181867435.292,19,23,0.032,7973,241,0.008004835200892034,20.890361597603583,-0.032596911568511966,0.040601746769404,5.0
2023,GEO,0.004149232914923292,3024069433.968,42,34,0.032,7973,241,0.004140648585428102,21.829869256299034,-0.014919886668960436,0.019060535254388538,11.0
2023,GHA,0.010896094839609485,18082897218.428,54,26,0.032,7973,241,0.01083716011730165,23.61823242351006,0.018728524755515064,-0.007891364638213414,36.0
2023,GTM,0.008298465829846583,4585906609.299,38,24,0.032,7973,241,0.008264222874514945,22.246253657088204,-0.007085530714102839,0.015349753588617784,17.0
2023,HKG,0.006834030683403068,13398870848.193,56,50,0.032,7973,241,0.0068107845454949715,23.318436275367187,0.013087800141444506,-0.006277015595949534,34.0
2023,JAM,0.008281032078103209,3363396559.289,30,43,0.032,7973,241,0.008246932455999934,21.93621718136375,-0.012918929144042524,0.021165861600042458,10.0
2023,JPN,0.008333333333333333,31757847415.569992,59,124,0.032,7973,241,0.008298802814695094,24.18140569447205,0.02932474272289204,-0.021025939908196945,45.0
2023,KEN,0.00950139470013947,4831901829.8810005,53,43,0.032,7973,241,0.009456540344976066,22.298505980915795,-0.006102392768593867,0.015558933113569933,15.0
2023,KOR,0.04935495118549512,94395229902.09,62,151,0.032,7973,241,0.04817564318579358,25.27075637813354,0.04982109416952757,-0.0016454509837339898,31.0
2023,LTU,0.017642956764295677,8714815140.575,50,126,0.032,7973,241,0.0174891265141344,22.88829030417019,0.0049945174811954485,0.01249460903293895,20.0
2023,MDG,1.7433751743375174e-05,1215687778.8719997,25,37,0.032,7973,241,1.7433599777291472e-05,20.918575827548217,-0.032066055177255415,0.03208348877703271,6.0
2023,MEX,0.010617154811715481,104736056077.81201,53,30,0.032,7973,241,0.010561188609608132,25.374709270695185,0.05177698867787478,-0.041215800068266646,64.0
2023,MLI,0.008315899581589958,2059463581.0859995,38,19,0.032,7973,241,0.008281512994076552,21.44571138879307,-0.02214789394107869,0.03042940693515524,7.0
2023,NAM,0.004166666666666667,2555234169.347001,31,64,0.032,7973,241,0.004158010148663692,21.66140970820153,-0.01808948682998701,0.022247496978650704,9.0
2023,NGA,0.01637029288702929,73145094777.437,59,39,0.032,7973,241,0.01623774425931115,25.015710905136604,0.04502236247749969,-0.028784618218188538,55.0
2023,NOR,0.0026673640167364015,121789154114.87506,54,80,0.032,7973,241,0.002663812914657137,25.525557141589626,0.05461522160249832,-0.051951408687841184,67.0
2023,NZL,0.00950139470013947,7010119625.360001,43,57,0.032,7973,241,0.009456540344976066,22.67062060294859,0.0008990184261744028,0.008557521918801663,23.0
2023,OMN,0.008002092050209205,39137866300.984,45,61,0.032,7973,241,0.007970245093659253,24.390356282915953,0.03325618992346896,-0.025285944829809705,50.0
2023,PAN,3.486750348675035e-05,53184834499.15,60,13,0.032,7973,241,3.486689562948025e-05,24.697039126868383,0.039026489099465045,-0.03899162220383556,62.0
2023,PER,0.004131799163179916,12936544824.620998,54,39,0.032,7973,241,0.004123286720763401,23.283322075342745,0.012427119430207134,-0.008303832709443734,37.0
2023,PNG,0.002684797768479777,1843805357.4450002,22,20,0.032,7973,241,0.0026812001367880318,21.335097402520987,-0.024229118262640237,0.026910318399428267,8.0
2023,ROU,0.005543933054393306,29490512277.759995,53,85,0.032,7973,241,0.005528622020369194,24.10733443089298,0.027931077052889275,-0.022402455032520082,46.0
2023,SEN,3.486750348675035e-05,4234211053.476001,47,37,0.032,7973,241,3.486689562948025e-05,22.166462855954762,-0.00858681062953165,0.00862167752516113,22.0
2023,SVK,0.011854951185495118,12550268784.378002,36,61,0.032,7973,241,0.011785231724622178,23.253007919456454,0.011856752511479773,-7.152078685759497e-05,29.0
2023,SVN,0.004166666666666667,13967390229.382998,45,68,0.032,7973,241,0.004158010148663692,23.359991180335822,0.013869664007087723,-0.00971165385842403,39.0
2023,THA,0.01358089260808926,53541815706.368,47,118,0.032,7973,241,0.013489498829044514,24.70372878756347,0.039152356406221056,-0.02566285757717654,51.0
2023,TTO,0.006834030683403068,3905321731.6460004,32,42,0.032,7973,241,0.0068107845454949715,22.085606006766348,-0.010108148452777854,0.016918932998272827,14.0
2023,TZA,0.005299860529986053,5367881840.846002,49,18,0.032,7973,241,0.005285865694507801,22.40369922479492,-0.004123160801610348,0.00940902649611815,21.0
2023,UKR,0.004166666666666667,17088036737.236002,48,99,0.032,7973,241,0.004158010148663692,23.561644449665472,0.017663810685961956,-0.013505800537298263,42.0
2023,CZE,0.01839260808926081,32824647321.425,47,104,0.032,7973,241,0.018225509877746786,24.21444551290162,0.02994639352866313,-0.011720883650916343,40.0
2023,HUN,0.011000697350069736,15248749209.682,44,102,0.032,7973,241,0.01094062980077673,23.44776331766442,0.015521114362690935,-0.004580484561914205,33.0
2024,AGO,0.002178423236514523,33345759628.956,35,24,0.441,7324,242,0.0021760539129182894,24.230196453696557,0.024398714522228526,-0.022222660609310236,52.0
2024,BRA,0.007313278008298755,127910468906.657,53,147,0.441,7324,242,0.00728666566091477,25.574596394469662,0.04576402744250996,-0.038477361781595186,62.0
2024,CAN,0.006517980636237898,514920577076.11707,57,122,0.441,7324,242,0.006496830455018731,26.9672785064494,0.06789664454439315,-0.061399814089374415,66.0
2024,CHN,0.054564315352697096,151495712094.43597,80,188,0.441,7324,242,0.05312771040225652,25.743823158494873,0.04845339290455103,0.004674317497705492,25.0
2024,ESP,0.1272994467496542,190902876487.86398,76,149,0.441,7324,242,0.11982490229350465,25.97503063560474,0.05212776088698373,0.06769714140652092,2.0
2024,FRA,0.02947786998616874,132591314335.81699,81,180,0.441,7324,242,0.029051751369449888,25.610537409813837,0.046335204973996125,-0.017283453604546237,45.0
2024,GBR,0.05788381742738589,195418284454.39404,82,155,0.441,7324,242,0.056270514010509746,25.99840814666752,0.05249927818924305,0.0037712358212666983,28.0
2024,HRV,0.002057399723374827,19457871558.934998,45,55,0.441,7324,242,0.002055286175010024,23.691517532590566,0.015837985408858613,-0.013782699233848589,41.0
2024,IDN,0.0024204702627939143,53275373608.22199,53,73,0.441,7324,242,0.0024175456430001892,24.69874002774971,0.031844847010657595,-0.029427301367657407,57.0
2024,IND,0.08545988934993085,174232972335.61093,68,155,0.441,7324,242,0.0820037583406701,25.883659162079656,0.05067567801741146,0.031328080323258636,7.0
2024,ITA,0.06099585062240664,137325135860.23802,71,149,0.441,7324,242,0.05920794880648594,25.6456172055155,0.04689269593305895,0.01231525287342699,15.0
2024,MYS,0.014713001383125864,101422142621.325,53,125,0.441,7324,242,0.014605815252375866,25.342557273320903,0.04207644290554591,-0.027470627653170043,55.0
2024,NLD,0.1239972337482711,298513512608.85803,82,177,0.441,7324,242,0.11689129039042025,26.42208103712922,0.059232322134000315,0.05765896825641993,3.0
2024,PRT,0.006535269709543569,63075175578.03401,50,92,0.441,7324,242,0.006514007420708164,24.867593115124578,0.03452827397305769,-0.028014266552349523,56.0
2024,SGP,0.10885200553250346,150885800884.37396,75,159,0.441,7324,242,0.10332525089014126,25.73978910210584,0.048389283353162504,0.054935967536978755,4.0
2024,THA,0.0084716459197787,52939670394.85298,47,108,0.441,7324,242,0.008435962915036998,24.69241880773152,0.031744389669333295,-0.0233084267542963,54.0
2024,USA,0.34953319502074687,826105075459.0858,97,174,0.441,7324,242,0.2997587511880288,27.439987812376987,0.07540897918170658,0.22434977200632222,1.0
2024,ZAF,0.03547717842323651,30443429909.577003,62,120,0.441,7324,242,0.03486236242496325,24.139136041337867,0.022951575061946727,0.011910787363016526,16.0
2024,GRC,0.031241355463347165,51102990284.34201,58,134,0.441,7324,242,0.03076327605062297,24.657108850748088,0.031183240968509274,-0.0004199649178863035,33.0
2024,MLT,0.004114799446749654,12450006024.939999,53,14,0.441,7324,242,0.0041063568114161775,23.244986943868255,0.00874168506906281,-0.0046353282576466325,37.0
2024,PAN,0.006310511756569848,71989807480.05101,56,24,0.441,7324,242,0.0062906838496950565,24.999790383178333,0.036629163681183186,-0.03033847983148813,59.0
2024,SRB,0.008367911479944675,6133687015.999,43,61,0.441,7324,242,0.008333094603529618,22.537061877045687,-0.0025087175217596847,0.010841812125289303,19.0
2024,TUR,0.07169778699861687,125692474865.942,70,186,0.441,7324,242,0.06924410778984409,25.55710408493469,0.04548603824035469,0.023758069549489405,9.0
2024,ARG,0.002143845089903181,9407243017.567999,44,12,0.441,7324,242,0.0021415503331684675,22.96474576340375,0.004288069495165914,-0.0021465191619974462,35.0
2024,BOL,0.008281466113416321,1169308281.275,29,20,0.441,7324,242,0.008247362926479774,20.87967819919074,-0.02884799338186933,0.037095356308349106,6.0
2024,ECU,0.004149377593360996,74628335398.70898,43,26,0.441,7324,242,0.004140792666031402,25.03578610313385,0.037201210582790634,-0.03306041791675923,60.0
2024,PER,0.0021092669432918394,26192527556.174995,47,41,0.441,7324,242,0.002107045562880552,23.988739999292587,0.020561468961212026,-0.018454423398331473,46.0
2024,CZE,0.0038035961272475795,35938295113.61,46,105,0.441,7324,242,0.003796380745974586,24.305069280187507,0.025588599554717595,-0.02179221880874301,50.0
2024,GEO,0.004270401106500691,3491621238.315,41,29,0.441,7324,242,0.0042613088196459805,21.973632003781823,-0.011462790774689535,0.015724099594335517,12.0
2024,AUS,0.012361687413554633,64971207398.55601,50,74,0.441,7324,242,0.012285905643591352,24.897210045621165,0.034998948635118377,-0.022713042991527023,53.0
2024,BEL,0.038641078838174275,88478696322.91199,62,180,0.441,7324,242,0.03791320377202336,25.206027640478887,0.03990670290475162,-0.0019934991327282617,34.0
2024,CIV,0.012914937759336099,11945081117.935001,45,42,0.441,7324,242,0.012832251118245742,23.20358540873796,0.008083728514162891,0.004748522604082851,24.0
2024,DEU,0.06981327800829876,243334863904.50314,80,185,0.441,7324,242,0.0674841267114777,26.217704372423572,0.05598435159888665,0.011499775112591051,17.0
2024,EGY,0.013986860304287689,14987942950.944,59,79,0.441,7324,242,0.01388994680523701,23.430511911621878,0.011690062906912047,0.0021998838983249627,29.0
2024,FIN,5.186721991701245e-05,26133159532.701,41,89,0.441,7324,242,5.186587485927089e-05,23.986470825116413,0.020525407061122436,-0.020473541186263166,49.0
2024,FJI,0.006535269709543569,1015509873.761,21,18,0.441,7324,242,0.006514007420708164,20.73865666297584,-0.031089119075461302,0.03760312649616947,5.0
2024,HKG,0.006258644536652835,14883216183.096003,53,46,0.441,7324,242,0.00623914055761358,23.423499984400472,0.011578628790682166,-0.005339488233068586,38.0
2024,JPN,0.0002247579529737206,29082994376.211998,51,119,0.441,7324,242,0.00022473269868900482,24.093419454641186,0.022225043357504637,-0.022000310658815633,51.0
2024,KOR,0.04420816044260027,85485685219.905,54,153,0.441,7324,242,0.04325885698254845,25.17161477455521,0.039359810847823806,0.0038990461347246444,27.0
2024,LKA,0.004114799446749654,4132281588.463,32,58,0.441,7324,242,0.0041063568114161775,22.14209553434816,-0.008785554680692531,0.012891911492108709,14.0
2024,MEX,0.010788381742738589,90638982478.04599,46,28,0.441,7324,242,0.010730602345086963,25.230150227643815,0.040290061016868994,-0.02955945867178203,58.0
2024,NZL,0.008454356846473029,6634373007.035001,36,49,0.441,7324,242,0.008418818931289075,22.615530002606768,-0.0012616957047872912,0.009680514636076366,20.0
2024,SAU,1.7289073305670816e-05,222820862890.865,58,12,0.441,7324,242,1.7288923851365547e-05,26.129633980166194,0.05458472978061374,-0.05456744085676237,65.0
2024,SEN,0.008229598893499309,8170601391.780001,46,40,0.441,7324,242,0.008195920392066236,22.82380835299664,0.002048280735735819,0.006147639656330417,23.0
2024,TZA,0.002143845089903181,6420253892.347999,42,19,0.441,7324,242,0.0021415503331684675,22.582723501116774,-0.0017830592878221863,0.003924609620990654,26.0
2024,AZE,0.0019190871369294605,119160524031.17198,40,81,0.441,7324,242,0.0019172480417565857,25.503737362500623,0.04463792995817345,-0.04272068191641686,64.0
2024,BGR,0.01037344398340249,16915518693.394005,50,74,0.441,7324,242,0.010320009031989485,23.551497303467663,0.013612772568801501,-0.0032927635368120156,36.0
2024,COL,0.002161134163208852,21166021549.660004,46,65,0.441,7324,242,0.0021588022718555056,23.77566297579091,0.01717523161831419,-0.015016429346458686,42.0
2024,CYP,0.0022994467496542186,24536120401.465996,47,13,0.441,7324,242,0.002296807067741184,23.923412170922145,0.019523273813171205,-0.01722646674543002,44.0
2024,GTM,0.004149377593360996,4699508183.2439995,39,23,0.441,7324,242,0.004140792666031402,22.27072369853689,-0.006741385460725724,0.010882178126757125,18.0
2024,HUN,0.023063623789764866,19159927137.577995,44,104,0.441,7324,242,0.02280167837844232,23.67608680669369,0.015592759061121453,0.007208919317320869,22.0
2024,KEN,0.004356846473029046,3570643039.879999,46,44,0.441,7324,242,0.004347382895048369,21.996011540013466,-0.011107133369405164,0.015454516264453533,13.0
2024,LBN,0.004062932226832642,8483999565.054,40,32,0.441,7324,242,0.004054700805963592,22.861447822500097,0.002646450238504683,0.0014082505674589095,31.0
2024,LTU,0.00423582295988935,9480118578.417,49,122,0.441,7324,242,0.004226877114928879,22.972462661512434,0.004410707065925612,-0.0001838299509967327,32.0
2024,NGA,0.05337136929460581,165173385821.005,55,38,0.441,7324,242,0.05199584836857309,25.830261582282475,0.04982707934751235,0.0021687690210607444,30.0
2024,NOR,0.004771784232365145,116311451466.69998,52,72,0.441,7324,242,0.004760435358583145,25.47953735652222,0.04425334149999194,-0.039492906141408796,63.0
2024,QAT,0.002161134163208852,23286697616.260994,44,37,0.441,7324,242,0.0021588022718555056,23.87114811676837,0.01869268922475198,-0.016533886952896475,43.0
2024,ROU,0.004806362378976487,31664863471.283,49,77,0.441,7324,242,0.004794848697196587,24.178473495276993,0.023576729071112523,-0.018781880373915937,48.0
2024,SVK,0.00031120331950207467,17389165231.692005,35,60,0.441,7324,242,0.0003111549057931176,23.57911316144002,0.014051646023974518,-0.013740491118181401,40.0
2024,SVN,0.027610650069156292,22630632680.364998,45,64,0.441,7324,242,0.027236350222030442,23.842570253839803,0.018238527508774305,0.008997822713256137,21.0
2024,SWE,0.012119640387275242,49616948578.548,53,138,0.441,7324,242,0.012046785604192771,24.62759831754218,0.030714257180823268,-0.0186674715766305,47.0
2024,TTO,0.015162517289073306,6391376171.471001,30,35,0.441,7324,242,0.015048715232360437,22.578215445602467,-0.0018547016717617715,0.01690341690412221,11.0
2024,UKR,0.002178423236514523,14135679080.998001,47,95,0.441,7324,242,0.0021760539129182894,23.371967869527133,0.010759676240684524,-0.008583622327766233,39.0
2024,UZB,0.002161134163208852,1324740290.0940003,36,50,0.441,7324,242,0.0021588022718555056,21.00448227045126,-0.026864596956938824,0.02902339922879433,8.0
2024,GUY,0.002161134163208852,73211396232.68001,27,35,0.441,7324,242,0.0021588022718555056,25.01661693204829,0.03689657256084167,-0.03473777028898616,61.0
2024,MOZ,0.002178423236514523,2798447584.7609997,29,18,0.441,7324,242,0.0021760539129182894,21.75233066671561,-0.014979729575934464,0.017155783488852754,10.0
